Issue Key,Issue Type,Summary,Description,Status,Priority,Labels,Story Points,Reporter,Assignee,Created,Resolution
QA-1,Task,Complete EC-CUBE application analysis,Observe the demo storefront and record which features are confirmed available versus visible only or restricted. Produce docs/01_application-analysis.md.,Done,High,"manual-testing;documentation;portfolio-project",3,QA Tester,QA Tester,2026-09-01,Done
QA-2,Task,Define test scope using confirmed features only,Derive in-scope and out-of-scope lists and numbered requirements from the application analysis. Produce docs/02_scope-and-requirements.md.,Done,High,"documentation;portfolio-project",2,QA Tester,QA Tester,2026-09-01,Done
QA-3,Documentation,Create manual QA test plan,Write the test plan covering approach test types design techniques entry and exit criteria and the defect management process.,Done,High,"documentation;manual-testing",3,QA Tester,QA Tester,2026-09-01,Done
QA-4,Task,Create test scenarios,Write 20 scenarios mapped to confirmed features only. Produce docs/04_test-scenarios.md.,Done,High,"test-case-design;manual-testing",2,QA Tester,QA Tester,2026-09-02,Done
QA-5,Task,Create manual test cases,Write 40 test cases with preconditions steps expected results and traceability to requirements and scenarios.,Done,High,"test-case-design;manual-testing",5,QA Tester,QA Tester,2026-09-02,Done
QA-6,Task,Prepare safe fictional test data,Define the fictional data policy approved values boundary values and the pre-commit privacy checklist.,Done,High,"test-evidence;documentation",2,QA Tester,QA Tester,2026-09-01,Done
QA-7,Task,Create Excel test documentation,Build six workbooks covering plan test cases execution defects RTM and summary with validation and conditional formatting.,Done,Medium,"excel;documentation",3,QA Tester,QA Tester,2026-09-02,Done
QA-8,Test,Execute smoke test cases,Run TC-001 TC-018 and TC-022 to confirm the environment is usable before full execution.,To Do,High,"smoke-testing;manual-testing",1,QA Tester,QA Tester,2026-09-02,
QA-9,Test,Execute navigation test cases,Run TC-002 through TC-007 covering header category links and carousel indicators.,To Do,Medium,"navigation;manual-testing",2,QA Tester,QA Tester,2026-09-02,
QA-10,Test,Execute product test cases,Run TC-008 through TC-017 covering listing detail page images price description and variations.,To Do,High,"manual-testing;test-case-design",3,QA Tester,QA Tester,2026-09-02,
QA-11,Test,Execute cart test cases,Run TC-018 through TC-033 covering add to cart quantity totals multi-item variations and persistence.,To Do,High,"cart;manual-testing",5,QA Tester,QA Tester,2026-09-02,
QA-12,Test,Execute registration validation test cases,Run TC-034 through TC-038 including the empty-field negative case and the katakana format case.,To Do,High,"negative-testing;manual-testing",3,QA Tester,QA Tester,2026-09-02,
QA-13,Test,Execute account and system test cases,Run TC-039 and TC-040 covering login page display and the 404 error page.,To Do,Medium,"manual-testing;negative-testing",1,QA Tester,QA Tester,2026-09-02,
QA-14,Task,Observe and scope search functionality,Search has never been executed. Run a keyword search and an empty-state search then extend scope and add test cases.,Backlog,Medium,"search;manual-testing",2,QA Tester,QA Tester,2026-09-02,
QA-15,Task,Observe and scope cart item removal,The delete control is visible but has never been used. Observe its behaviour then add test cases.,Backlog,Medium,"cart;manual-testing",1,QA Tester,QA Tester,2026-09-02,
QA-16,Task,Observe and scope guest checkout flow,Guest purchase is available in this environment. Walk the five checkout steps and extend scope accordingly.,Backlog,High,"checkout;manual-testing",5,QA Tester,QA Tester,2026-09-02,
QA-17,Task,Extend responsive test coverage,Mobile rendering confirmed on Chrome for iOS. Define viewport specific test cases for ENV-EC-002.,Backlog,Low,"responsive;manual-testing",2,QA Tester,QA Tester,2026-09-02,
QA-18,Task,Record reproduced defects only,Placeholder for defect logging. No defect ticket is created until an issue has been reproduced at least twice.,Backlog,High,"bug-reporting",1,QA Tester,QA Tester,2026-09-02,
QA-19,Task,Complete the requirements traceability matrix,Update coverage status for all 27 requirements once execution results exist.,To Do,Medium,"documentation;test-evidence",2,QA Tester,QA Tester,2026-09-02,
QA-20,Task,Prepare test summary from actual execution data,Populate the summary report only from recorded execution results. No figure is entered manually.,To Do,High,"documentation",2,QA Tester,QA Tester,2026-09-02,
QA-21,Documentation,Update GitHub README and project documentation,Keep the README aligned with actual project status and confirmed scope.,In Progress,Medium,"documentation;portfolio-project",1,QA Tester,QA Tester,2026-09-01,
QA-22,Task,Investigate broken header icons observed on mobile,Header icons rendered as empty boxes during initial mobile observation. Verify in a standard mobile browser before raising a defect.,Done,Medium,"responsive;environment-limitation;bug-reporting",1,QA Tester,QA Tester,2026-09-02,Not a defect
